{"cameraMode":{"drawMode":0,"name":"Shaded","section":"Shading Mode"},"sceneLighting":true,"audioPlay":false,"sceneViewState":{"showFog":true,"showMaterialUpdate":false,"showSkybox":true,"showFlares":true,"showImageEffects":true,"showParticleSystems":true},"in2DMode":false,"pivot":{"x":-448.3229064941406,"y":-1324.1717529296875,"z":-2198.833984375},"rotation":{"x":0.03507235273718834,"y":-0.957941472530365,"z":0.2515665590763092,"w":0.13364183902740479},"size":3292.31982421875,"orthographic":false}